{"schemaVersion":"1.0","appDefinitionTemplate":{"id":"/providers/Microsoft.PowerApps/apps/","type":"Microsoft.PowerApps/apps","tags":{"primaryDeviceWidth":"1366","primaryDeviceHeight":"768","supportsPortrait":"true","supportsLandscape":"true","primaryFormFactor":"Tablet","showStatusBar":"false","publisherVersion":"3.25065.7","minimumRequiredApiVersion":"2.2.0","hasComponent":"false","hasUnlockedComponent":"false","isUnifiedRootApp":"false","sienaVersion":"20250712T185631Z-3.25065.7.0"},"properties":{"appVersion":"2025-07-12T18:56:31Z","lifeCycleId":"Published","createdByClientVersion":{"major":3,"minor":25065,"build":7,"revision":0,"majorRevision":0,"minorRevision":0},"minClientVersion":{"major":3,"minor":25065,"build":7,"revision":0,"majorRevision":0,"minorRevision":0},"backgroundColor":"RGBA(0,176,240,1)","backgroundImageUri":"/874675511116652604/N44e8bd2f-1c13-4ec3-8c36-e1a288b8c03b-logoSmallFile","displayName":"Auto Play a Video in PowerApps","description":"","commitMessage":"","appUris":{"documentUri":{"value":"/874675511116652604/Na94edf49-b88c-46d0-9fd9-6aa7c64f2df4-document.msapp"},"imageUris":[],"additionalUris":[{"isSolutionAware":false,"value":"/874675511116652604/Ne6d1ea50-c2be-4198-96d0-d2220716efe8-identity.json"}]},"createdTime":"0001-01-01T00:00:00Z","lastModifiedTime":"0001-01-01T00:00:00Z","sharedGroupsCount":0,"sharedUsersCount":0,"connectionReferences":{"0d9108df-3054-4821-b8b9-d9470a777d08":{"id":"7cbf6c35-9af3-4536-abb6-02f718f1fa8d","displayName":"SharePoint","iconUri":"https://conn-afd-prod-endpoint-bmc9bqahasf3grgk.b01.azurefd.net/v1.0.1754/1.0.1754.4231/sharepointonline/icon.png","dataSources":["Videos"],"dependencies":[],"dependents":[],"parameterHints":{},"parameterHintsV2":{},"isOnPremiseConnection":false,"bypassConsent":false,"dataSets":{"https://gracensity.sharepoint.com/sites/TestHub_1":{"dataSources":{"Videos":{"tableName":"2c9bcaa0-67a5-4329-9633-3580422dea95"}}}},"apiTier":"Standard","isCustomApiConnection":false,"actions":["providers/PowerPlatform.Governance/Operations/Read"]}},"databaseReferences":{},"almMode":"Environment","performanceOptimizationEnabled":true,"canConsumeAppPass":true,"enableModernRuntimeMode":false,"executionRestrictions":{"isTeamsOnly":false,"dataLossPreventionEvaluationResult":{"status":"Compliant","lastEvaluationDate":"2025-07-12T16:03:32.6713392Z","violations":[],"violationsByPolicy":[],"violationErrorMessage":"The app uses the following connectors: shared_sharepointonline."}}},"isAppComponentLibrary":false,"appType":"ClassicCanvasApp","appComponents":[]}}